Title	Type	Nid	HTML file ID
COMBO - PCI - Antiseptic Skin Cleansers	combo	47958	COMBO_-_PCI_-_ANTISEPTIC_SKIN_CLEANSERS
COMBO - SCCI - Limicol products	combo	47959	COMBO_-_SCCI_-_LIMICOL_PRODUCTS
COMBO - SRCI - Caffeine 400 mg single dose	combo	47961	COMBO_-_SRCI_-_CAFFEINE_400_MG_SINGLE_DOSE
COMBO - SCCI - VSL3 Schedule A claim	combo	47962	COMBO_-_SCCI_-_VSL3_SCHEDULE_A_CLAIM
COMBO - PCI - thyme and primula	combo	47968	COMBO_-_PCI_-_THYME_AND_PRIMULA
PAD - PRSR - Relora	combo	47964	PAD_-_PRSR_-_RELORA
PAD - MISC - Huperzine and antihypertensives	combo	47967	PAD_-_MISC_-_HUPERZINE_AND_ANTIHYPERTENSIVES
PAD - MISC - carotenoid levels	combo	47966	PAD_-_MISC_-_CAROTENOID_LEVELS
PAD - MISC - alpha lipoic acid and palladium	combo	47969	PAD_-_MISC_-_ALPHA_LIPOIC_ACID_AND_PALLADIUM
PAD - MISC - Coumarin and SSRIs	combo	47971	PAD_-_MISC_-_COUMARIN_AND_SSRIS
PAD - MISC - conjugated linoleic acid	combo	47973	PAD_-_MISC_-_CONJUGATED_LINOLEIC_ACID
PAD - MISC - furanocoumarins	combo	47974	PAD_-_MISC_-_FURANOCOUMARINS
COMBO - SRCI - naringin and hesperidin with synephrine	combo	47975	COMBO_-_SRCI_-_NARINGIN_AND_HESPERIDIN_WITH_SYNEPHRINE
COMBO - SRCI - hypoglycemia and glucose products	combo	47979	COMBO_-_SRCI_-_HYPOGLYCEMIA_AND_GLUCOSE_PRODUCTS
COMBO - PCII - energy shots	combo	47976	COMBO_-_PCII_-_ENERGY_SHOTS
PAD - MISC - avidin concern	combo	47977	PAD_-_MISC_-_AVIDIN_CONCERN
COMBO - POLE - vitamin A additive information	combo	47980	COMBO_-_POLE_-_VITAMIN_A_ADDITIVE_INFORMATION
PAD - SRCI - beta carotene and piperine	combo	47981	PAD_-_SRCI_-_BETA_CAROTENE_AND_PIPERINE
COMBO - POLE - synephrine	combo	47982	COMBO_-_POLE_-_SYNEPHRINE
COMBO - PCII - Laxatives PCI information - TPD	combo	47985	COMBO_-_PCII_-_LAXATIVES_PCI_INFORMATION_-_TPD
PAD - SRCI - Viscum album in combination	combo	47988	PAD_-_SRCI_-_VISCUM_ALBUM_IN_COMBINATION
PAD - ROD - antacids	combo	47986	PAD_-_ROD_-_ANTACIDS
PAD - SRCI - cardiac glycosides and calcium	combo	47990	PAD_-_SRCI_-_CARDIAC_GLYCOSIDES_AND_CALCIUM
PAD - MISC - sedative	combo	47991	PAD_-_MISC_-_SEDATIVE
PAD - SRCI - DIM and Chaste tree	combo	47992	PAD_-_SRCI_-_DIM_AND_CHASTE_TREE_
